Shape,Ax,Ay,Az,Gx,Gy,Gz
Circle CW,8.296972545174047,-0.43383437093055405,6.260473632359856,-64.68646981077431,782.2336273962908,-2.153132228522087
Circle ACW,2.0641497785119314,-0.5071889546852116,2.522830441818656,42.88773987703166,-99.49067180741162,2.892371645811382
Not Circle,-1.735536696509499,-0.3827066252061719,3.4022653241165677,31.602212026118146,47.437513140407034,-6.6910942917303196
